Frans Timmermans;28
Piet van der Sloot;32
Jan Bakker;35
Eva de Vries;40
Lisa de Boer;42
Mark Jansen;45
Femke de Jong;48
Lars van Dijk;50
Daan Peters;52
Thomas Hendriks;55
Tim Vermeer;58
Anouk van den Berg;60
Sophie Visser;33
Martijn van der Linden;38
Laura van Houten;43
Sanne de Graaf;47
Emma Bakker;51
Max van der Meer;54
Robert de Wit;57
Lisa Jansen;61
Anne de Ruiter;29
Sophie van den Berg;34
Anneke Jacobs;36
Tim van Dijk;39
Lucas de Boer;41
Thijs de Vries;44
Eva de Jong;46
David van der Meer;49
Anna Janssen;53
Pieter Bakker;56
Peter de Groot;59
Lotte van der Laan;62
David van Dijk;30
Thijs de Graaf;37
