Sander Timmerman;16
Hugo Kapot;17
Frans Bakker;18
Sandra Huisinga;19
Maxime Boekhouder;20
Anna van Faciliteitenburg;21
Emma de Vries;22
Wim Kok;16
Larry Codeberg;17
Caroline Stelwagen;18
Frank Koelstra;19
Lisa Routenier;20
Ton Deuse;21
Victor Veiligsma;22
Jan Apotheker;16
Hetty Schrijver;17
Max Bloedsteeg;19
Jan-Willem Sleutelaar;20
Thomas Klankbos;21
Holger Wetz;22
Maaike Stoel;18
Kees Kunst;18
Rianne Mens;21
Tim van Bytehoven;17
Rutger Bouwman;19
Joni van Gelder;20
Michelle Vrolijk;21
Maaike Oudhuis;22
Henk Dokter;23
Willemien de Regt;24
Vincent Oudekerk;25
Tineke van der Laan;18
Eva Pieters;18
Willem Wijsbeek;20
